{"aggregated_loss": {"0": 0, "1": 1.3852213025093079, "2": 1.0264302492141724}, "aggregated_accuracy": {"0": 0, "1": 0.512499988079071, "2": 0.6500000059604645}}